{
    "name": "NYC_Payroll_AGENCY_MD",
    "properties": {
        "linkedServiceName": {
            "referenceName": "AzureSynapseAnalytics_udacity",
            "type": "LinkedServiceReference"
        },
        "folder": {
            "name": "Udacity"
        },
        "annotations": [],
        "type": "AzureSqlDWTable",
        "schema": [
            {
                "name": "AgencyID",
                "type": "varchar"
            },
            {
                "name": "AgencyName",
                "type": "varchar"
            }
        ],
        "typeProperties": {
            "schema": "dbo",
            "table": "NYC_Payroll_AGENCY_MD"
        }
    }
}