{
    "name": "Pipeline_load_All Data",
    "properties": {
        "activities": [
            {
                "name": "DataFlow for Title",
                "type": "ExecuteDataFlow",
                "dependsOn": [],
                "policy": {
                    "timeout": "0.12:00:00",
                    "retry": 0,
                    "retryIntervalInSeconds": 30,
                    "secureOutput": false,
                    "secureInput": false
                },
                "userProperties": [],
                "typeProperties": {
                    "dataflow": {
                        "referenceName": "dataflowtitle",
                        "type": "DataFlowReference"
                    },
                    "staging": {
                        "linkedService": {
                            "referenceName": "AzureDataLakeStorage_udacity",
                            "type": "LinkedServiceReference"
                        },
                        "folderPath": "dirstaging"
                    },
                    "compute": {
                        "coreCount": 8,
                        "computeType": "General"
                    },
                    "traceLevel": "Fine"
                }
            },
            {
                "name": "Data Employee",
                "type": "ExecuteDataFlow",
                "dependsOn": [],
                "policy": {
                    "timeout": "0.12:00:00",
                    "retry": 0,
                    "retryIntervalInSeconds": 30,
                    "secureOutput": false,
                    "secureInput": false
                },
                "userProperties": [],
                "typeProperties": {
                    "dataflow": {
                        "referenceName": "dataflowEmployee",
                        "type": "DataFlowReference"
                    },
                    "staging": {
                        "linkedService": {
                            "referenceName": "AzureDataLakeStorage_udacity",
                            "type": "LinkedServiceReference"
                        },
                        "folderPath": "dirstaging"
                    },
                    "compute": {
                        "coreCount": 8,
                        "computeType": "General"
                    },
                    "traceLevel": "Fine"
                }
            },
            {
                "name": "Data Agency",
                "type": "ExecuteDataFlow",
                "dependsOn": [],
                "policy": {
                    "timeout": "0.12:00:00",
                    "retry": 0,
                    "retryIntervalInSeconds": 30,
                    "secureOutput": false,
                    "secureInput": false
                },
                "userProperties": [],
                "typeProperties": {
                    "dataflow": {
                        "referenceName": "dataflowagency",
                        "type": "DataFlowReference"
                    },
                    "staging": {
                        "linkedService": {
                            "referenceName": "AzureDataLakeStorage_udacity",
                            "type": "LinkedServiceReference"
                        },
                        "folderPath": "dirstaging"
                    },
                    "compute": {
                        "coreCount": 8,
                        "computeType": "General"
                    },
                    "traceLevel": "Fine"
                }
            },
            {
                "name": "Data CurrentYear",
                "type": "ExecuteDataFlow",
                "dependsOn": [],
                "policy": {
                    "timeout": "0.12:00:00",
                    "retry": 0,
                    "retryIntervalInSeconds": 30,
                    "secureOutput": false,
                    "secureInput": false
                },
                "userProperties": [],
                "typeProperties": {
                    "dataflow": {
                        "referenceName": "dataflow2021data",
                        "type": "DataFlowReference"
                    },
                    "staging": {
                        "linkedService": {
                            "referenceName": "AzureDataLakeStorage_udacity",
                            "type": "LinkedServiceReference"
                        },
                        "folderPath": "dirstaging"
                    },
                    "compute": {
                        "coreCount": 8,
                        "computeType": "General"
                    },
                    "traceLevel": "Fine"
                }
            },
            {
                "name": "Data load 2021",
                "type": "ExecuteDataFlow",
                "dependsOn": [],
                "policy": {
                    "timeout": "0.12:00:00",
                    "retry": 0,
                    "retryIntervalInSeconds": 30,
                    "secureOutput": false,
                    "secureInput": false
                },
                "userProperties": [],
                "typeProperties": {
                    "dataflow": {
                        "referenceName": "dataflow_adf",
                        "type": "DataFlowReference"
                    },
                    "staging": {
                        "linkedService": {
                            "referenceName": "AzureDataLakeStorage_udacity",
                            "type": "LinkedServiceReference"
                        },
                        "folderPath": "dirstaging"
                    },
                    "compute": {
                        "coreCount": 8,
                        "computeType": "General"
                    },
                    "traceLevel": "Fine"
                }
            },
            {
                "name": "Data flow",
                "type": "ExecuteDataFlow",
                "dependsOn": [
                    {
                        "activity": "DataFlow for Title",
                        "dependencyConditions": [
                            "Skipped"
                        ]
                    },
                    {
                        "activity": "Data Employee",
                        "dependencyConditions": [
                            "Skipped"
                        ]
                    },
                    {
                        "activity": "Data Agency",
                        "dependencyConditions": [
                            "Skipped"
                        ]
                    },
                    {
                        "activity": "Data CurrentYear",
                        "dependencyConditions": [
                            "Skipped"
                        ]
                    },
                    {
                        "activity": "Data load 2021",
                        "dependencyConditions": [
                            "Skipped"
                        ]
                    }
                ],
                "policy": {
                    "timeout": "0.12:00:00",
                    "retry": 0,
                    "retryIntervalInSeconds": 30,
                    "secureOutput": false,
                    "secureInput": false
                },
                "userProperties": [],
                "typeProperties": {
                    "compute": {
                        "coreCount": 8,
                        "computeType": "General"
                    },
                    "traceLevel": "Fine"
                }
            }
        ],
        "folder": {
            "name": "Udacity"
        },
        "annotations": []
    }
}