{
    "now": "2023-05-30T06:19:58.736Z",
    "perfNow": 16073166.099999905,
    "diagnosticCorrelation": "e981c6f0-e671-4d10-abd7-286da174e966",
    "source": "DownloadSupportFiles",
    "environment": {
        "productName": "adf",
        "buildVersion": "1.0.052223.20",
        "environmentType": 3,
        "resourceName": "hei-aep-vn001-d-we-adf-01",
        "resourceRegion": "westeurope",
        "resourceGroup": "HEI-AEP-VN001-D-WE-RG-DXE-01",
        "subscriptionId": "99149dbb-f505-4eb9-901a-c82ba247986c",
        "sessionId": "celCltxrVigKuGGYrzdCNb",
        "operationId": "",
        "gitType": "VSTS",
        "loggingKey": "0da22333-75a6-4e5d-9d36-9385f4c8f8af"
    },
    "additionalInfo": {
        "selectedResource": "AggregateFlow",
        "selectedResourceType": "dataflow",
        "dataFlowSessionId": "05c9bd1b-3c39-46d3-bf15-25012f80e4e0"
    }
}