{
    "name": "dataflowagency",
    "properties": {
        "type": "MappingDataFlow",
        "typeProperties": {
            "sources": [
                {
                    "dataset": {
                        "referenceName": "AgencyMaster",
                        "type": "DatasetReference"
                    },
                    "name": "Agency"
                }
            ],
            "sinks": [
                {
                    "dataset": {
                        "referenceName": "NYC_Payroll_AGENCY_MD",
                        "type": "DatasetReference"
                    },
                    "name": "sinkagency"
                }
            ],
            "transformations": [],
            "scriptLines": [
                "source(output(",
                "          Column_1 as string,",
                "          Column_2 as string",
                "     ),",
                "     allowSchemaDrift: true,",
                "     validateSchema: false,",
                "     ignoreNoFilesFound: false) ~> Agency",
                "Agency sink(allowSchemaDrift: true,",
                "     validateSchema: false,",
                "     input(",
                "          AgencyID as string,",
                "          AgencyName as string",
                "     ),",
                "     deletable:false,",
                "     insertable:true,",
                "     updateable:false,",
                "     upsertable:false,",
                "     format: 'table',",
                "     staged: true,",
                "     allowCopyCommand: true,",
                "     skipDuplicateMapInputs: true,",
                "     skipDuplicateMapOutputs: true,",
                "     errorHandlingOption: 'stopOnFirstError') ~> sinkagency"
            ]
        }
    }
}