{
    "name": "dataflow_adf",
    "properties": {
        "type": "MappingDataFlow",
        "typeProperties": {
            "sources": [
                {
                    "dataset": {
                        "referenceName": "nycpayroll2021",
                        "type": "DatasetReference"
                    },
                    "name": "payroll2021",
                    "description": "Add source dataset."
                }
            ],
            "sinks": [
                {
                    "dataset": {
                        "referenceName": "AzureSqlTable_NYC",
                        "type": "DatasetReference"
                    },
                    "name": "sink1"
                }
            ],
            "transformations": [],
            "scriptLines": [
                "source(output(",
                "          FiscalYear as short,",
                "          PayrollNumber as short,",
                "          AgencyCode as short,",
                "          AgencyName as string,",
                "          EmployeeID as integer,",
                "          LastName as string,",
                "          FirstName as string,",
                "          AgencyStartDate as date,",
                "          WorkLocationBorough as string,",
                "          TitleCode as integer,",
                "          TitleDescription as string,",
                "          LeaveStatusasofJune30 as string,",
                "          BaseSalary as double,",
                "          PayBasis as string,",
                "          RegularHours as short,",
                "          RegularGrossPaid as double,",
                "          OTHours as double,",
                "          TotalOTPaid as double,",
                "          TotalOtherPay as double",
                "     ),",
                "     allowSchemaDrift: true,",
                "     validateSchema: true,",
                "     ignoreNoFilesFound: false) ~> payroll2021",
                "payroll2021 sink(allowSchemaDrift: true,",
                "     validateSchema: false,",
                "     input(",
                "          FiscalYear as integer,",
                "          PayrollNumber as integer,",
                "          AgencyID as string,",
                "          AgencyName as string,",
                "          EmployeeID as string,",
                "          LastName as string,",
                "          FirstName as string,",
                "          AgencyStartDate as date,",
                "          WorkLocationBorough as string,",
                "          TitleCode as string,",
                "          TitleDescription as string,",
                "          LeaveStatusasofJune30 as string,",
                "          BaseSalary as double,",
                "          PayBasis as string,",
                "          RegularHours as double,",
                "          RegularGrossPaid as double,",
                "          OTHours as double,",
                "          TotalOTPaid as double,",
                "          TotalOtherPay as double",
                "     ),",
                "     deletable:false,",
                "     insertable:true,",
                "     updateable:false,",
                "     upsertable:false,",
                "     format: 'table',",
                "     skipDuplicateMapInputs: true,",
                "     skipDuplicateMapOutputs: true,",
                "     errorHandlingOption: 'stopOnFirstError') ~> sink1"
            ]
        }
    }
}