{
    "name": "dataflowEmployee",
    "properties": {
        "type": "MappingDataFlow",
        "typeProperties": {
            "sources": [
                {
                    "dataset": {
                        "referenceName": "EmpMaster",
                        "type": "DatasetReference"
                    },
                    "name": "Employee"
                }
            ],
            "sinks": [
                {
                    "dataset": {
                        "referenceName": "NYCPayrollEMPMD",
                        "type": "DatasetReference"
                    },
                    "name": "sinkemployee"
                }
            ],
            "transformations": [],
            "scriptLines": [
                "source(output(",
                "          Column_1 as string,",
                "          Column_2 as string,",
                "          Column_3 as string",
                "     ),",
                "     allowSchemaDrift: true,",
                "     validateSchema: false,",
                "     ignoreNoFilesFound: false) ~> Employee",
                "Employee sink(allowSchemaDrift: true,",
                "     validateSchema: false,",
                "     input(",
                "          EmployeeID as string,",
                "          LastName as string,",
                "          FirstName as string",
                "     ),",
                "     deletable:false,",
                "     insertable:true,",
                "     updateable:false,",
                "     upsertable:false,",
                "     format: 'table',",
                "     staged: true,",
                "     allowCopyCommand: true,",
                "     skipDuplicateMapInputs: true,",
                "     skipDuplicateMapOutputs: true,",
                "     errorHandlingOption: 'stopOnFirstError') ~> sinkemployee"
            ]
        }
    }
}