{
    "now": "2023-05-30T06:19:56.307Z",
    "perfNow": 16070736.700000048,
    "diagnosticCorrelation": "5742298a-8345-4b98-8983-7e1809d0779e",
    "source": "DownloadSupportFiles",
    "environment": {
        "productName": "adf",
        "buildVersion": "1.0.052223.20",
        "environmentType": 3,
        "resourceName": "hei-aep-vn001-d-we-adf-01",
        "resourceRegion": "westeurope",
        "resourceGroup": "HEI-AEP-VN001-D-WE-RG-DXE-01",
        "subscriptionId": "99149dbb-f505-4eb9-901a-c82ba247986c",
        "sessionId": "celCltxrVigKuGGYrzdCNb",
        "operationId": "",
        "gitType": "VSTS",
        "loggingKey": "0da22333-75a6-4e5d-9d36-9385f4c8f8af"
    },
    "additionalInfo": {
        "selectedResource": "dataflow2021data",
        "selectedResourceType": "dataflow",
        "dataFlowSessionId": "05c9bd1b-3c39-46d3-bf15-25012f80e4e0"
    }
}