{
    "name": "Pipeline_load_Title",
    "properties": {
        "activities": [
            {
                "name": "DataFlow for Title",
                "type": "ExecuteDataFlow",
                "dependsOn": [],
                "policy": {
                    "timeout": "0.12:00:00",
                    "retry": 0,
                    "retryIntervalInSeconds": 30,
                    "secureOutput": false,
                    "secureInput": false
                },
                "userProperties": [],
                "typeProperties": {
                    "dataflow": {
                        "referenceName": "dataflowtitle",
                        "type": "DataFlowReference"
                    },
                    "staging": {
                        "linkedService": {
                            "referenceName": "AzureDataLakeStorage_udacity",
                            "type": "LinkedServiceReference"
                        },
                        "folderPath": "dirstaging"
                    },
                    "compute": {
                        "coreCount": 8,
                        "computeType": "General"
                    },
                    "traceLevel": "Fine"
                }
            }
        ],
        "folder": {
            "name": "Udacity"
        },
        "annotations": []
    }
}