{
    "name": "dataflowtitle",
    "properties": {
        "type": "MappingDataFlow",
        "typeProperties": {
            "sources": [
                {
                    "dataset": {
                        "referenceName": "TitleMaster",
                        "type": "DatasetReference"
                    },
                    "name": "Tittle"
                }
            ],
            "sinks": [
                {
                    "dataset": {
                        "referenceName": "NYC_Payroll_TITLE_MD",
                        "type": "DatasetReference"
                    },
                    "name": "sinktittle"
                }
            ],
            "transformations": [],
            "scriptLines": [
                "source(output(",
                "          Column_1 as string,",
                "          Column_2 as string",
                "     ),",
                "     allowSchemaDrift: true,",
                "     validateSchema: false,",
                "     ignoreNoFilesFound: false) ~> Tittle",
                "Tittle sink(allowSchemaDrift: true,",
                "     validateSchema: false,",
                "     input(",
                "          TitleCode as string,",
                "          TitleDescription as string",
                "     ),",
                "     deletable:false,",
                "     insertable:true,",
                "     updateable:false,",
                "     upsertable:false,",
                "     format: 'table',",
                "     staged: true,",
                "     allowCopyCommand: true,",
                "     skipDuplicateMapInputs: true,",
                "     skipDuplicateMapOutputs: true,",
                "     errorHandlingOption: 'stopOnFirstError') ~> sinktittle"
            ]
        }
    }
}