{
    "now": "2023-05-30T06:19:48.346Z",
    "perfNow": 16062775.900000095,
    "diagnosticCorrelation": "f151c9aa-8c3d-4b3b-b219-b6468ed7556a",
    "source": "DownloadSupportFiles",
    "environment": {
        "productName": "adf",
        "buildVersion": "1.0.052223.20",
        "environmentType": 3,
        "resourceName": "hei-aep-vn001-d-we-adf-01",
        "resourceRegion": "westeurope",
        "resourceGroup": "HEI-AEP-VN001-D-WE-RG-DXE-01",
        "subscriptionId": "99149dbb-f505-4eb9-901a-c82ba247986c",
        "sessionId": "celCltxrVigKuGGYrzdCNb",
        "operationId": "",
        "gitType": "VSTS",
        "loggingKey": "0da22333-75a6-4e5d-9d36-9385f4c8f8af"
    },
    "additionalInfo": {
        "selectedResource": "Aggregate pipeline",
        "selectedResourceType": "pipeline",
        "dataFlowSessionId": "05c9bd1b-3c39-46d3-bf15-25012f80e4e0"
    }
}