{
    "name": "dataflow2021data",
    "properties": {
        "type": "MappingDataFlow",
        "typeProperties": {
            "sources": [
                {
                    "dataset": {
                        "referenceName": "nycpayroll2021",
                        "type": "DatasetReference"
                    },
                    "name": "nycpayroll2021"
                }
            ],
            "sinks": [
                {
                    "dataset": {
                        "referenceName": "NYC_Payroll_Data",
                        "type": "DatasetReference"
                    },
                    "name": "sinknycpayroll2021"
                }
            ],
            "transformations": [],
            "scriptLines": [
                "source(output(",
                "          FiscalYear as string,",
                "          PayrollNumber as string,",
                "          AgencyCode as string,",
                "          AgencyName as string,",
                "          EmployeeID as string,",
                "          LastName as string,",
                "          FirstName as string,",
                "          AgencyStartDate as date,",
                "          WorkLocationBorough as string,",
                "          TitleCode as string,",
                "          TitleDescription as string,",
                "          LeaveStatusasofJune30 as string,",
                "          BaseSalary as string,",
                "          PayBasis as string,",
                "          RegularHours as string,",
                "          RegularGrossPaid as string,",
                "          OTHours as string,",
                "          TotalOTPaid as string,",
                "          TotalOtherPay as string",
                "     ),",
                "     allowSchemaDrift: false,",
                "     validateSchema: true,",
                "     ignoreNoFilesFound: false) ~> nycpayroll2021",
                "nycpayroll2021 sink(allowSchemaDrift: true,",
                "     validateSchema: true,",
                "     input(",
                "          FiscalYear as integer,",
                "          PayrollNumber as integer,",
                "          AgencyID as string,",
                "          AgencyName as string,",
                "          EmployeeID as string,",
                "          LastName as string,",
                "          FirstName as string,",
                "          AgencyStartDate as date,",
                "          WorkLocationBorough as string,",
                "          TitleCode as string,",
                "          TitleDescription as string,",
                "          LeaveStatusasofJune30 as string,",
                "          BaseSalary as double,",
                "          PayBasis as string,",
                "          RegularHours as double,",
                "          RegularGrossPaid as double,",
                "          OTHours as double,",
                "          TotalOTPaid as double,",
                "          TotalOtherPay as double",
                "     ),",
                "     deletable:false,",
                "     insertable:true,",
                "     updateable:false,",
                "     upsertable:false,",
                "     format: 'table',",
                "     staged: true,",
                "     allowCopyCommand: true,",
                "     skipDuplicateMapInputs: true,",
                "     skipDuplicateMapOutputs: true,",
                "     errorHandlingOption: 'stopOnFirstError') ~> sinknycpayroll2021"
            ]
        }
    }
}